Workbook

Sheet Sales_data
A1: Employee ID | B1: Employee Name | C1: Region | D1: Product ID | E1: Units Sold | F1: Sales Amount | G1: product name (vlookup) | H1: price per unit (Vlookup) | I1: Total sales value | J1: Total revenue | K1: GOAL SEEK
A2: E101 | B2: Rahul Mehta | C2: North | D2: P001 | E2: 15 | F2: 45000 | G2: =VLOOKUP(D2,Product_master!A2:D6, 2, FALSE) -> Laptop | H2: =VLOOKUP(D2, Product_master!$A$2:$D$6, 4, FALSE) -> 3000 | I2: =E2 * H2 -> 45000 | J2: =SUM(I2:I11) -> 636000 | K2: -335544.32
A3: E102 | B3: Priya Sharma | C3: South | D3: P002 | E3: 20 | F3: 60000 | G3: =VLOOKUP(D3,Product_master!A3:D7, 2, FALSE) -> Smartphone | H3: =VLOOKUP(D3, Product_master!$A$2:$D$6, 4, FALSE) -> 3000 | I3: =E3 * H3 -> 60000 | J3: =SUM(I3:I12) -> 1227000
A4: E103 | B4: Aman Verma | C4: East | D4: P003 | E4: 10 | F4: 35000 | G4: =VLOOKUP(D4,Product_master!A4:D8, 2, FALSE) -> Headphones | H4: =VLOOKUP(D4, Product_master!$A$2:$D$6, 4, FALSE) -> 3500 | I4: =E4 * H4 -> 35000 | J4: =SUM(I4:I13) -> 1167000
A5: E104 | B5: Sneha Patel | C5: West | D5: P004 | E5: 25 | F5: 125000 | G5: =VLOOKUP(D5,Product_master!A5:D9, 2, FALSE) -> Printer | H5: =VLOOKUP(D5, Product_master!$A$2:$D$6, 4, FALSE) -> 5000 | I5: =E5 * H5 -> 125000 | J5: =SUM(I5:I14) -> 1132000
A6: E105 | B6: Rohan Gupta | C6: North | D6: P005 | E6: 12 | F6: 48000 | G6: =VLOOKUP(D6,Product_master!A6:D10, 2, FALSE) -> Monitor | H6: =VLOOKUP(D6, Product_master!$A$2:$D$6, 4, FALSE) -> 4000 | I6: =E6 * H6 -> 48000 | J6: =SUM(I6:I15) -> 1007000
A7: E106 | B7: Meena Iyer | C7: East | D7: P002 | E7: 18 | F7: 54000 | H7: =VLOOKUP(D7, Product_master!$A$2:$D$6, 4, FALSE) -> 3000 | I7: =E7 * H7 -> 54000 | J7: =SUM(I7:I16) -> 959000
A8: E107 | B8: Deepak Rao | C8: South | D8: P003 | E8: 22 | F8: 77000 | H8: =VLOOKUP(D8, Product_master!$A$2:$D$6, 4, FALSE) -> 3500 | I8: =E8 * H8 -> 77000 | J8: =SUM(I8:I17) -> 905000
A9: E108 | B9: Kavita Das | C9: West | D9: P001 | E9: 30 | F9: 90000 | H9: =VLOOKUP(D9, Product_master!$A$2:$D$6, 4, FALSE) -> 3000 | I9: =E9 * H9 -> 90000 | J9: =SUM(I9:I18) -> 828000
A10: E109 | B10: Ajay Nair | C10: North | D10: P004 | E10: 14 | F10: 70000 | H10: =VLOOKUP(D10, Product_master!$A$2:$D$6, 4, FALSE) -> 5000 | I10: =E10 * H10 -> 70000 | J10: =SUM(I10:I19) -> 738000
A11: E110 | B11: Neha Kulkarni | C11: East | D11: P005 | E11: 8 | F11: 32000 | H11: =VLOOKUP(D11, Product_master!$A$2:$D$6, 4, FALSE) -> 4000 | I11: =E11 * H11 -> 32000 | J11: =SUM(I11:I20) -> 668000
H12: =SUM(H2:H11) -> 37000 | I12: =SUM(I2:I11) -> 636000 | J12: =SUM(J2:J11) -> 9267000
B17: Region | C17: Actualt sales (sumif)
B18: North | C18: =SUMIF($C$2:$C$11,"North",$F$2:$F$11) -> 163000
B19: South | C19: =SUMIF($C$2:$C$11,"South",$F$2:$F$11) -> 137000
B20: East | C20: =SUMIF($C$2:$C$11,"East",$F$2:$F$11) -> 121000
B21: West | C21: =SUMIF($C$2:$C$11,"West",$F$2:$F$11) -> 215000

Sheet Product_master
A1: Product ID | B1: Product Name | C1: Category | D1: Price per Unit
A2: P001 | B2: Laptop | C2: Electronics | D2: 3000
A3: P002 | B3: Smartphone | C3: Electronics | D3: 3000
A4: P003 | B4: Headphones | C4: Accessories | D4: 3500
A5: P004 | B5: Printer | C5: Office Supplies | D5: 5000
A6: P005 | B6: Monitor | C6: Electronics | D6: 4000

Sheet Monthly_target
A1: Region | B1: North | C1: South | D1: East | E1: West
A2: Target Sales | B2: 150000 | C2: 140000 | D2: 120000 | E2: 160000
C7: Region | D7: Actual sales | E7: Regional Target ( hlookup) | F7: Variance
C8: North | D8: 163000 | E8: =HLOOKUP(C8,$B$1:$E$2,2,TRUE) -> 150000 | F8: =D8-E8 -> 13000
C9: South | D9: 137000 | E9: =HLOOKUP(C9,$B$1:$E$2,2,TRUE) -> 140000 | F9: =D9-E9 -> -3000
C10: East | D10: 121000 | E10: =HLOOKUP(C10,$B$1:$E$2,2,FALSE) -> 120000 | F10: =D10-E10 -> 1000
C11: West | D11: 215000 | E11: =HLOOKUP(C11,$B$1:$E$2,2,TRUE) -> 160000 | F11: =D11-E11 -> 55000
